central_pressurec2,central_energy_densityc2,central_baryon_density,central_cs2c2,M,R,Lambda,I,Mb
1.000000000000000000e+11,3.871733435964520312e+13,3.851351604834246094e+13,3.861863411702771368e-03,5.877457337299930584e-01,1.040297790959323720e+03,1.612477999730763086e+13,6.457716678623644384e+02,5.952681320686269428e-01
1.103710654763490906e+11,4.137532961910829688e+13,4.115048662774265625e+13,3.965708588030089111e-03,5.887620175467418449e-01,1.074616166581263542e+03,2.398748093854074219e+13,6.979377066385900434e+02,5.962942604052882123e-01
1.218177209438453827e+11,4.421458356751029688e+13,4.396642042788850781e+13,4.102107016027360664e-03,5.895573309139117146e-01,1.110993512232132389e+03,2.345784072988916406e+13,7.561471017030385156e+02,5.970958063146946104e-01
1.344515165447278137e+11,4.723965923328520312e+13,4.696583638529026562e+13,4.249064940194648143e-03,5.907380043788500457e-01,1.150649189019909500e+03,3.066798236059909766e+13,8.237354977082085270e+02,5.982889164820387462e-01
1.483955713595258789e+11,5.045968493080403906e+13,5.015765500432171094e+13,4.410441718742902188e-03,5.919830752948973540e-01,1.194422017540711977e+03,4.131541166629003906e+13,9.030914571396494921e+02,5.995458234845486567e-01
1.637857732292249756e+11,5.388367284276689062e+13,5.355066730213772656e+13,4.580237656345060790e-03,5.935121429466518883e-01,1.242512468756865928e+03,6.140649597598025000e+13,9.971414026718175592e+02,6.010910486135319086e-01
1.807721030117729187e+11,5.751968614797835156e+13,5.715270977337183594e+13,4.762477370244157585e-03,5.950394598906921795e-01,1.295125378950325967e+03,4.910425741136769531e+13,1.107197526623992644e+03,6.026342548131752297e-01
1.995200961780971069e+11,6.137814836764853125e+13,6.097394149313759375e+13,4.954162694306226029e-03,5.970028690501912871e-01,1.353769266197317620e+03,1.064053992462559531e+14,1.240065054893973866e+03,6.046196581850546981e-01
2.202124559912022400e+11,6.547388219463928125e+13,6.502885868012708594e+13,5.147825971903980009e-03,5.987630429810751886e-01,1.418264300756562079e+03,2.132916482302169062e+14,1.396679246864834568e+03,6.063978168831298809e-01
2.430508339891262512e+11,6.982717201312144531e+13,6.933733981310435938e+13,5.343205778127202606e-03,6.012137455727770696e-01,1.493447086540891405e+03,1.135402208745976719e+14,1.598734226201682304e+03,6.088776209290571728e-01
2.682577951229510803e+11,7.445392557936090625e+13,7.391490339615176562e+13,5.557948850867034003e-03,6.038356032045754107e-01,1.576595138531990187e+03,1.097893289689962344e+14,1.845703229994821186e+03,6.115298766843063616e-01
2.818252936741671143e+11,7.686729880011282812e+13,7.630198083442093750e+13,5.684226770647296534e-03,6.052297570001431426e-01,1.622389122371442681e+03,1.368177542861558594e+14,1.992329266816743257e+03,6.129406724678163609e-01
2.960789867005627441e+11,7.934613723127987500e+13,7.875338997870454688e+13,5.830593500533278253e-03,6.065431610159622844e-01,1.671346137966781725e+03,2.907828247492020625e+14,2.154941051526325282e+03,6.142681694242316803e-01
3.110535794100280762e+11,8.187595155330442188e+13,8.125472486456548438e+13,6.004071372108207676e-03,6.081603547273177757e-01,1.723379912641175451e+03,6.837064326257571250e+14,2.342282983251012411e+03,6.159041897001952259e-01
3.267855322729890137e+11,8.445805068657467188e+13,8.380731383205010938e+13,6.208815259075133215e-03,6.096383078933889088e-01,1.780000630635303196e+03,1.094427734815395250e+15,2.553911634439714817e+03,6.173997337428320797e-01
3.288071652950894165e+11,8.478161442546868750e+13,8.412713640118539062e+13,6.237753463822034994e-03,6.098499980908864693e-01,1.787652895519080630e+03,3.503649639023970625e+14,2.584308826361902902e+03,6.176140003470891315e-01
3.308413049910551147e+11,8.510494226414476562e+13,8.444671422151967188e+13,6.267577666560431721e-03,6.100570869083398184e-01,1.794758441758891195e+03,9.672448192843628000e+15,2.612912652982239251e+03,6.178233056252492306e-01
3.328880287324414673e+11,8.543027034509314062e+13,8.476826908493242188e+13,6.297586374385984870e-03,6.099847160997087236e-01,1.801396402002591230e+03,inf,2.635533317781084861e+03,6.177494994646981485e-01
3.349474143694567871e+11,8.575761104265551562e+13,8.509181322224529688e+13,6.327780728724921415e-03,6.101457369863454439e-01,1.809225732045083760e+03,1.539194256120476875e+14,2.665953506847797598e+03,6.179131379272109204e-01
3.370195402339236450e+11,8.608697680772642188e+13,8.541735893994500000e+13,6.358161878064812027e-03,6.105058600100571331e-01,1.817781631313497655e+03,4.116198140943335000e+14,2.705212813520846339e+03,6.182770304928119076e-01
3.391044851422583008e+11,8.641430970422704688e+13,8.574087617113284375e+13,6.389843442998174687e-03,6.106322392113289199e-01,1.825077429038575247e+03,3.982993317893566875e+14,2.730103086642662220e+03,6.184047508216462541e-01
3.412023283984684448e+11,8.673917604087303125e+13,8.606193414990798438e+13,6.422948559945190414e-03,6.109352234167019224e-01,1.832435286176622867e+03,1.772155699867948438e+14,2.761778867319635992e+03,6.187121935690179653e-01
3.433131497971699219e+11,8.706605213758812500e+13,8.638497832864550000e+13,6.456258479097354980e-03,6.110934958199457645e-01,1.839706889239420434e+03,1.739193777749427500e+14,2.791103062425205735e+03,6.188714920566377176e-01
3.454370296266217041e+11,8.739495042759515625e+13,8.671002099481540625e+13,6.489774467447423020e-03,6.112863029342052723e-01,1.847300691845728579e+03,2.536081954415948125e+14,2.823307470419487345e+03,6.190666538214785186e-01
3.475740486717796021e+11,8.772588342103400000e+13,8.703707451190317188e+13,6.523497799826295102e-03,6.114377528627581437e-01,1.856211871228515292e+03,8.843821441828757500e+14,2.858054503077272784e+03,6.192196843429328412e-01
3.497242882173693848e+11,8.805665688858048438e+13,8.736396059243056250e+13,6.558003805157352865e-03,6.117171132007632739e-01,1.864445601768378538e+03,1.911408687953106562e+14,2.893161031032851497e+03,6.195025070506395837e-01
3.518878300509783325e+11,8.838242058810742188e+13,8.768586430016592188e+13,6.594558733443950035e-03,6.118798401970868550e-01,1.872162033573062672e+03,4.957501986918580000e+14,2.927137150419722275e+03,6.196667486444760176e-01
3.540647564661662598e+11,8.871019959916845312e+13,8.800975943989940625e+13,6.631339805922521410e-03,6.120638815258095944e-01,1.880396074205579907e+03,1.776744435596545000e+14,2.963492120634980438e+03,6.198543833552930815e-01
3.562551502655954590e+11,8.904000638933006250e+13,8.833565833146862500e+13,6.668348421616344425e-03,6.122879628379733763e-01,1.888549363806089559e+03,1.790181496627726875e+14,2.996999989968263435e+03,6.200802962235451021e-01
3.584590947641806030e+11,8.937185350328834375e+13,8.866357337092689062e+13,6.705585988203643065e-03,6.122606485952321043e-01,1.895981473565581837e+03,7.244775471378491250e+14,3.027475987929125495e+03,6.200526808709687643e-01
3.606766737922573242e+11,8.970573934610196875e+13,8.899350292287246875e+13,6.743056925411799150e-03,6.125154666682234295e-01,1.905055862963538402e+03,inf,3.067729954310463654e+03,6.203097453980569442e-01
3.629079716987712402e+11,9.003172501132639062e+13,8.931558429818756250e+13,6.782864898816064539e-03,6.126685494436413526e-01,1.912018760803910027e+03,1.141020980624279000e+15,3.098944678269215274e+03,6.204649623601142805e-01
3.651530733544859619e+11,9.035972736125826562e+13,8.963965820462729688e+13,6.822919141120356058e-03,6.127977629476349941e-01,1.922723660897629770e+03,9.671057231705125000e+14,3.143901562502813704e+03,6.205961519969557250e-01
3.674120641552114868e+11,9.068975887195909375e+13,8.996573696882896875e+13,6.863221175847874535e-03,6.129720583460261940e-01,1.927592036052719322e+03,inf,3.167568079584903444e+03,6.207715917972008723e-01
3.696850300250521851e+11,9.102183209667253125e+13,9.029383299368756250e+13,6.903772535946978497e-03,6.132249538564304991e-01,1.938071212263707139e+03,1.781503424148548750e+14,3.214300617495674942e+03,6.210277641007705407e-01
3.742732333295991211e+11,9.168418398270942188e+13,9.094821971717259375e+13,6.986571918075023570e-03,6.135808346945208491e-01,1.955368261619969871e+03,inf,3.292271246122107186e+03,6.213880936956154288e-01
3.789183813515516357e+11,9.234178374131521875e+13,9.159785832776507812e+13,7.071932977850086018e-03,6.141648571165450043e-01,1.975997532046406832e+03,2.258643640413106500e+15,3.390683035646599365e+03,6.219788335020495218e-01
3.812625301487548218e+11,9.267363789879132812e+13,9.192569493500348438e+13,7.115009974461184751e-03,6.141090657048957624e-01,1.985102892552254616e+03,3.364027484255299375e+14,3.429651115805258542e+03,6.219218004401683153e-01
3.836211808383281250e+11,9.300754504594115625e+13,9.225555967765668750e+13,7.158353463527552391e-03,6.141788794079839908e-01,1.993432654013609181e+03,2.611791241781078125e+14,3.469583747377860618e+03,6.219922681070053638e-01
3.859944231350894165e+11,9.333792127682200000e+13,9.258191372850981250e+13,7.202460678298329769e-03,6.143780241115590623e-01,2.003094716810437603e+03,5.814086676071635000e+14,3.514583415649818562e+03,6.221939957447326641e-01
3.883823473088701782e+11,9.366529624459839062e+13,9.290528240857637500e+13,7.247287507949486118e-03,6.144797007021096658e-01,2.012543971893756179e+03,3.434019583352264375e+14,3.558973871664776198e+03,6.222965029526071890e-01
3.907850441879491577e+11,9.399469649189331250e+13,9.323065158357731250e+13,7.292391655260540770e-03,6.145636156001990091e-01,2.021182046367163593e+03,3.771285182186931250e+14,3.599662277219359567e+03,6.223804946456837905e-01
3.932026051625070801e+11,9.432613454793940625e+13,9.355803362941734375e+13,7.337774835835411333e-03,6.147108348409591194e-01,2.030806988718880802e+03,2.436730993690005000e+14,3.646134954439692592e+03,6.225298397521095151e-01
3.956351221881028442e+11,9.465962301948040625e+13,9.388744099856379688e+13,7.383438775891461303e-03,6.149698554107123627e-01,2.040650469626209542e+03,2.020511289324021250e+14,3.697899970575402222e+03,6.227919655656096731e-01
3.980826877891712036e+11,9.499202862441440625e+13,9.421576622706446875e+13,7.429515830770850801e-03,6.150822843793191108e-01,2.054140937094919536e+03,inf,3.759321450225654644e+03,6.229053033359360780e-01
4.005453950625420532e+11,9.531873856602164062e+13,9.453843455104050000e+13,7.476199798279632713e-03,6.151971374870657261e-01,2.064089688145309538e+03,5.663760773502961250e+14,3.808736795550163151e+03,6.230220343097310209e-01
4.030233376809815063e+11,9.564746967301525000e+13,9.486309903725293750e+13,7.523172572485766971e-03,6.152749836304058917e-01,2.072366006733686845e+03,inf,3.850667518014179677e+03,6.230999479394857543e-01
4.055166098967548828e+11,9.597823444917612500e+13,9.518977203480267188e+13,7.570435940069197324e-03,6.153758836309840552e-01,2.085787735234412594e+03,5.026114121296722500e+14,3.916824308938432750e+03,6.232020225875719577e-01
4.080253065452118530e+11,9.631104547563879688e+13,9.551846596918728125e+13,7.617991698763024178e-03,6.155632535411927897e-01,2.096657164395839573e+03,4.855733420227638750e+14,3.970864308333690587e+03,6.233910482592682767e-01
4.130893554186612549e+11,9.697144384192029688e+13,9.617064849526162500e+13,7.713142310620336832e-03,6.157458622576680307e-01,2.117138267484946027e+03,inf,4.076987589567754185e+03,6.235753023844916587e-01
4.182162547834436646e+11,9.762968861109828125e+13,9.682066152602695312e+13,7.808707274576478542e-03,6.157887147831153651e-01,2.139979143836591902e+03,3.052404649350924375e+14,4.193856290837534289e+03,6.236171987544426587e-01
4.208035167872677612e+11,9.796186826966710938e+13,9.714868708237821875e+13,7.856933616181496424e-03,6.159531971525310512e-01,2.149730118291053259e+03,2.541726847126814062e+14,4.248129244724500495e+03,6.237836191116826745e-01
4.234067846842150269e+11,9.829610293159659375e+13,9.747874194306310938e+13,7.905458306260040521e-03,6.158362639509958880e-01,2.160372645106939672e+03,1.486910483060856250e+15,4.301865266480402170e+03,6.236645509567889656e-01
4.260261574934857788e+11,9.862382967687676562e+13,9.780233392830270312e+13,7.953319905570561607e-03,6.159233167386387597e-01,2.172385063115693356e+03,2.696519449367626250e+14,4.366025378750563505e+03,6.237521932133843761e-01
4.286617348468548584e+11,9.895162553126185938e+13,9.812598563394868750e+13,8.001257619460130227e-03,6.159562316188225140e-01,2.184597999260152392e+03,2.333325084470233750e+14,4.430183241455029929e+03,6.237854958246755732e-01
4.313136169924613037e+11,9.928144926894745312e+13,9.845163958544454688e+13,8.049491896250539694e-03,6.158591554161350068e-01,2.196051447710034608e+03,inf,4.492477547983816294e+03,6.236861990548159262e-01
4.339819047986212158e+11,9.961331343527421875e+13,9.877930816952692188e+13,8.098024570604874656e-03,6.159765152460746629e-01,2.208608670932729638e+03,3.495007258694649000e+15,4.562251489320544351e+03,6.238047385147330592e-01
4.366666997576647949e+11,9.994723065319367188e+13,9.910900384956204688e+13,8.146857488536220562e-03,6.159181580122247146e-01,2.220406435658207556e+03,4.011481071612620500e+15,4.626384476128976530e+03,6.237448698425084315e-01
4.393681039897965088e+11,1.002772506824139219e+14,9.943482546805526562e+13,8.194967029317266546e-03,6.157301919722132366e-01,2.232479512834331672e+03,inf,4.690377909350316258e+03,6.235529541783173535e-01
4.420862202469794312e+11,1.006049307214429219e+14,9.975831730777473438e+13,8.242620663654139437e-03,6.159362381464539293e-01,2.246419177015706282e+03,3.555073243649185625e+14,4.774471352216782179e+03,6.237622632292605385e-01
4.448211519168436279e+11,1.009346379272897812e+14,1.000838104043460938e+14,8.290569103456019162e-03,6.156058570606334213e-01,2.256895169375981823e+03,inf,4.827110784778488778e+03,6.234262886686200433e-01
4.475730030266185303e+11,1.012663848408627812e+14,1.004113171383876250e+14,8.338814172513749762e-03,6.155723585385481922e-01,2.269859315447577046e+03,4.287870416018703125e+14,4.899754934535724715e+03,6.233916367845470097e-01
4.503418782470898438e+11,1.016001840806535000e+14,1.007408499671093125e+14,8.387357705900919114e-03,6.154483871818944296e-01,2.282848721436953838e+03,inf,4.973453830155308424e+03,6.232651949144477621e-01
4.531278828965810547e+11,1.019327101179522500e+14,1.010691102134260625e+14,8.435258310932497797e-03,6.154106551857079221e-01,2.297985297332535538e+03,9.778612147639057500e+14,5.060907140380951205e+03,6.232267758255606305e-01
4.559311229449589844e+11,1.022607877036526719e+14,1.013929482633808125e+14,8.481617046715083513e-03,6.152182123450411488e-01,2.311543278689426643e+03,4.767896690300318750e+14,5.136293398286420597e+03,6.230317950527789472e-01
4.587517050176648560e+11,1.025908949155622188e+14,1.017187897119898750e+14,8.528262577174499162e-03,6.148443135864383180e-01,2.325319881441394500e+03,inf,5.210365424477799024e+03,6.226510762537109667e-01
4.615897363997695923e+11,1.029230443098039688e+14,1.020466469531216094e+14,8.575196676543479432e-03,6.146049928586977407e-01,2.338532840848573869e+03,3.467137783704789500e+15,5.286456305826980497e+03,6.224079397666384406e-01
4.644453250400549927e+11,1.032572485201784844e+14,1.023765324573180938e+14,8.622421130030914760e-03,6.143227504802056815e-01,2.352798500571350814e+03,3.648465010248900625e+14,5.369178102713694898e+03,6.221211392843235544e-01
4.673185795551194458e+11,1.035925698079371094e+14,1.027075157952462344e+14,8.669659569530909979e-03,6.142399648008741719e-01,2.364139222479184809e+03,4.262329162564305000e+14,5.437980177690161327e+03,6.220365375825510634e-01
4.702096092335093384e+11,1.039216117936809375e+14,1.030322586827876562e+14,8.714745392193957302e-03,6.138703605212590952e-01,2.382211693654697228e+03,inf,5.544494226451271970e+03,6.216606865246745439e-01
4.731185240398761597e+11,1.042526893718190000e+14,1.033590105666900156e+14,8.760110134756825262e-03,6.135685650476837560e-01,2.397338603415594207e+03,4.122766810588888750e+14,5.634656774107638739e+03,6.213540222729218021e-01
4.760454346191589355e+11,1.045858151353837031e+14,1.036877838754514688e+14,8.805755522735559879e-03,6.130390497126266824e-01,2.412081317177498931e+03,inf,5.717918710787511372e+03,6.208163357635778645e-01
4.789904523007931519e+11,1.049210017553132812e+14,1.040185911144581250e+14,8.851683292320979002e-03,6.124526255766803429e-01,2.426878583589976188e+03,3.325962675523870625e+14,5.798867775114675169e+03,6.202213836621274234e-01
4.819536891029448853e+11,1.052582619809337500e+14,1.043514448664596250e+14,8.897895190444708030e-03,6.120379618503835051e-01,2.443251114268630772e+03,inf,5.897829639364816103e+03,6.198007341957206817e-01
4.849352577367718506e+11,1.055899083973550000e+14,1.046787165866070938e+14,8.941748732282504830e-03,6.117030116628758840e-01,2.458166770455688493e+03,inf,5.990348086589499871e+03,6.194597054285357896e-01
4.879352716107105103e+11,1.059224016776762812e+14,1.050068173444345781e+14,8.985459831621878460e-03,6.113900439493606953e-01,2.474030626118132659e+03,3.314006124458660625e+14,6.087932697736201590e+03,6.191424277668051701e-01
4.909538448347896729e+11,1.062569519015545469e+14,1.053369478718237031e+14,9.029441346243232899e-03,6.105811140784693780e-01,2.490099215425344937e+03,inf,6.180905110684992906e+03,6.183208119356531363e-01
4.939910922249710083e+11,1.065935717941095000e+14,1.056691207257844375e+14,9.073694949049465955e-03,6.101516556386660239e-01,2.504336958419514303e+03,6.362437007044347000e+15,6.268030267577539234e+03,6.178852862957229242e-01
4.970471293075158691e+11,1.069322741591838281e+14,1.060033485410096406e+14,9.118222323292755893e-03,6.094575933825447933e-01,2.522924780800340613e+03,7.844714357030225000e+14,6.380441535492226649e+03,6.171807501502364346e-01
5.001220723233799438e+11,1.072678603579925469e+14,1.063344705084401719e+14,9.161139925172997675e-03,6.087106031131257478e-01,2.540420365275589575e+03,4.277802109057705625e+14,6.486565660977693369e+03,6.164217945021336353e-01
5.032160382326343994e+11,1.076024218849058906e+14,1.066645627955397344e+14,9.203201355458044339e-03,6.079489110448706990e-01,2.556575967976110405e+03,1.673887699934937000e+15,6.583671188508115847e+03,6.156483079546091197e-01
5.063291447189146729e+11,1.079390531504212500e+14,1.069966971726403438e+14,9.245522995477069642e-03,6.072894060793115889e-01,2.573792261957003120e+03,6.766129747470096250e+14,6.691794472142872110e+03,6.149793918046084773e-01
5.094615101938968506e+11,1.082777669588139219e+14,1.073308862729713750e+14,9.288106454997150166e-03,6.063663479079864915e-01,2.595009938662851710e+03,inf,6.823286933846477950e+03,6.140428533785451393e-01
5.126132538018014526e+11,1.086185761935717812e+14,1.076671428079166406e+14,9.330953353744061290e-03,6.055307482983378620e-01,2.613089467271795456e+03,3.620142762860139375e+14,6.937520424634900337e+03,6.131960417111717021e-01
5.157844954239253540e+11,1.089583815205644375e+14,1.080023892016488906e+14,9.373084701727651957e-03,6.044341251345189958e-01,2.633384952067585346e+03,inf,7.058795071681984155e+03,6.120823481799527732e-01
5.189753556832017822e+11,1.092954124775892031e+14,1.083348673855807812e+14,9.413940193499255663e-03,6.036333760196992415e-01,2.648940102683929126e+03,3.305598334601237000e+15,7.156138395911476437e+03,6.112701487039839954e-01
5.221859559487880859e+11,1.096345284501513750e+14,1.086694024196770312e+14,9.455048434560967691e-03,6.021577385215232114e-01,2.668271941578034784e+03,inf,7.267978673662219080e+03,6.097719980746463264e-01
5.254164183406825562e+11,1.099757423370357812e+14,1.090060070284795938e+14,9.496410988526415506e-03,6.013184271242857371e-01,2.686548477147123322e+03,inf,7.387203559454753304e+03,6.089207261032981711e-01
5.286668657343690796e+11,1.103190671168245469e+14,1.093446940152497812e+14,9.538029428682395089e-03,5.999974066811278872e-01,2.710873678253220078e+03,inf,7.537627904409431721e+03,6.075802461421697664e-01
5.319374217654912720e+11,1.106633507497955781e+14,1.096843190093105625e+14,9.579465299248317647e-03,5.986682943219157060e-01,2.729521004553972034e+03,inf,7.652314584646034746e+03,6.062317289717020774e-01
5.352282108345546875e+11,1.110032914119725312e+14,1.100196157986784219e+14,9.618712817667700657e-03,5.972730722338102094e-01,2.754802990057832631e+03,inf,7.815869195520848734e+03,6.048159004529245486e-01
5.385393581116590576e+11,1.113453350903492188e+14,1.103569868752917344e+14,9.658203137776374264e-03,5.958114990181455628e-01,2.775318982295907517e+03,1.341200128186387500e+15,7.938701380760460779e+03,6.033334447910634335e-01
5.418709895412590942e+11,1.116894947950701719e+14,1.106964450715655781e+14,9.697937761647918570e-03,5.939445913289094214e-01,2.798416303427291950e+03,4.371031687800114375e+14,8.073372435696013781e+03,6.014391776365223263e-01
5.452232318469547729e+11,1.120357836167660781e+14,1.110380032993017344e+14,9.737918200648365899e-03,5.925754458353813536e-01,2.819503788677456669e+03,4.162580823165426250e+14,8.207608262760746584e+03,6.000500364112011376e-01
5.485962125363118896e+11,1.123842147270518750e+14,1.113816745501799062e+14,9.778145975493698211e-03,5.909162434168291345e-01,2.837899893181441712e+03,9.774679628539628750e+14,8.313951451623252069e+03,5.983666109198872984e-01
5.554049030452308350e+11,1.130736958587498438e+14,1.120616346297978906e+14,9.855287649829859095e-03,5.868139357053774319e-01,2.891677517495448683e+03,inf,8.650568950711029174e+03,5.942049868359130516e-01
5.622980969929028320e+11,1.137711194771813906e+14,1.127494228961177188e+14,9.933206586557007806e-03,5.825664185541765683e-01,2.944431992910504960e+03,7.096193058203531250e+14,8.980252010107942624e+03,5.898957535045716849e-01
5.763422033485363770e+11,1.151727164726946875e+14,1.141315087172524531e+14,1.008831136930715515e-02,5.724692364478461970e-01,3.051184865843420994e+03,inf,9.607832155847176182e+03,5.796536480570306793e-01
5.907370790280981445e+11,1.165894781836977500e+14,1.155283929314451094e+14,1.024318124397669526e-02,5.597949830956997497e-01,3.175647852557137867e+03,1.646466782138606750e+15,1.033758789664893629e+04,5.667967825939191906e-01
6.054914849392239990e+11,1.180218977014623594e+14,1.169405566308876719e+14,1.039758406703256838e-02,5.443348434096522137e-01,3.308694962100758403e+03,inf,1.105626639011149928e+04,5.511154075813198272e-01
6.206144008043016357e+11,1.194634385238260312e+14,1.183614903277687500e+14,1.055163687183653144e-02,5.264640334962473744e-01,3.452054942390240285e+03,2.743466997050839500e+15,1.177818931963696014e+04,5.329894597103470577e-01
6.244537830374443359e+11,1.198294146537675938e+14,1.187222347529147656e+14,1.059074755703818572e-02,5.203043178593702578e-01,3.501069710116717488e+03,7.283409538363878750e+14,1.202311788162924131e+04,5.267420467612750068e-01
6.283169173071384277e+11,1.201908720385940312e+14,1.190784674182937188e+14,1.062929671244683058e-02,5.147792139389213428e-01,3.540826298579726426e+03,inf,1.219465245673333084e+04,5.211382735109246767e-01
6.322039505534918213e+11,1.205543265873463594e+14,1.194366663116412969e+14,1.066805604183634557e-02,5.089691376165652592e-01,3.583575209714400444e+03,6.286854316776112500e+14,1.239462936124830594e+04,5.152454875326021311e-01
6.361150306256461182e+11,1.209200296191104062e+14,1.197970811743013125e+14,1.070705515277207455e-02,5.025647941940910579e-01,3.626510486991255675e+03,inf,1.255468571312270615e+04,5.087497881279803291e-01
6.400503062874000244e+11,1.212879950439496719e+14,1.201597257151938594e+14,1.074629552864371160e-02,4.961308684500968513e-01,3.672281403407776452e+03,inf,1.274410170663424469e+04,5.022246236757742510e-01
6.440099272228675537e+11,1.216582368579811719e+14,1.205246137280481250e+14,1.078577866201783052e-02,4.883969052757413665e-01,3.721993904755992389e+03,inf,1.290088708083247366e+04,4.943808500253912275e-01
6.479940440421721191e+11,1.220256579561421562e+14,1.208866770905070625e+14,1.082485511203675095e-02,4.816751307808342375e-01,3.767377347662610191e+03,inf,1.306114368973526325e+04,4.875635240378227153e-01
6.520028082871743164e+11,1.223934432252177812e+14,1.212490823787544844e+14,1.086393020100335192e-02,4.737816596394380797e-01,3.815194233080878348e+03,inf,1.319159732207505840e+04,4.795577359046176436e-01
6.560363724372370605e+11,1.227635037689661875e+14,1.216137296588459531e+14,1.090324702493798356e-02,4.675893494222942426e-01,3.854380877814101950e+03,inf,1.329277242264214874e+04,4.732776178986166649e-01
6.600948899150246582e+11,1.231358536631953594e+14,1.219806328006878594e+14,1.094280707931503255e-02,4.571717872634318836e-01,3.917335522086575565e+03,inf,1.343336191265843445e+04,4.627126769580874321e-01
6.641785150923386230e+11,1.235105070707921875e+14,1.223498057599917188e+14,1.098261186886052149e-02,4.484443358583665162e-01,3.966163315470875204e+03,1.357360528850126750e+15,1.351504673058008848e+04,4.538613901525780370e-01
6.682874032959893799e+11,1.238840075002305625e+14,1.227178115687355469e+14,1.102233428540473972e-02,4.392642537659481872e-01,4.017613116078809071e+03,6.550474194006120000e+14,1.356669324052261072e+04,4.445512626605578888e-01
6.724217108137048340e+11,1.242562141057113750e+14,1.230845100536327031e+14,1.106196115893190099e-02,4.290784741700798266e-01,4.071851441393221194e+03,9.662143187168268750e+14,1.359813602698790601e+04,4.342215609002194054e-01
6.765815949000743408e+11,1.246307233381152500e+14,1.234534770898976875e+14,1.110183318099892610e-02,4.167268188182314814e-01,4.132428636266236936e+03,inf,1.355103476739468897e+04,4.216950194458715107e-01
6.807672137825305176e+11,1.250075494424627656e+14,1.238247267117453125e+14,1.114195186819799677e-02,4.058522535016819699e-01,4.184120622145756897e+03,6.481781937334201250e+14,1.347905350806596289e+04,4.106664357974738611e-01
6.849787266673674316e+11,1.253867067519001562e+14,1.241982730402119219e+14,1.118231874650357262e-02,3.935039247418795627e-01,4.237351807577500949e+03,inf,1.333263656217459538e+04,3.981434284772077392e-01
6.892162937457966309e+11,1.257663953131541406e+14,1.245723262448981562e+14,1.122273334004232972e-02,3.803835529073316679e-01,4.293188592473959943e+03,inf,1.313979126344233737e+04,3.848375864990660755e-01
6.934800762000399170e+11,1.261430860012097031e+14,1.249433771737526875e+14,1.126280264770080676e-02,3.679416859186864786e-01,4.336318128293044538e+03,1.279380430887047000e+15,1.284830895942275856e+04,3.722199958444072365e-01
6.977702362094600830e+11,1.265221070566128906e+14,1.253167235800276250e+14,1.130311984098314286e-02,3.529981019403868325e-01,4.383676010419333579e+03,inf,1.244464522515806129e+04,3.570648638031393429e-01
7.020869369567299805e+11,1.269034728959982500e+14,1.256923796645137031e+14,1.134368645341427180e-02,3.365972686641151568e-01,4.429527398395433920e+03,inf,1.191539616410195231e+04,3.404320903867885661e-01
7.064303426340391846e+11,1.272871980251876406e+14,1.260703597158537344e+14,1.138450402800616698e-02,3.203895815126140967e-01,4.461463816693775698e+03,inf,1.128492687767710413e+04,3.239951093332825161e-01
7.108006184493392334e+11,1.276731784227592812e+14,1.264505601603723125e+14,1.142555894786790975e-02,3.043929430293180194e-01,4.479072740933070236e+03,4.642066603206776875e+14,1.054720699259470894e+04,3.077721828413156890e-01
7.151979306326280518e+11,1.280544863152051875e+14,1.268260920003335781e+14,1.146596493197129737e-02,2.854325258464369131e-01,4.483699177805345244e+03,3.956396996862248000e+15,9.575722575714717095e+03,2.885437168778474115e-01
7.196224464422719727e+11,1.284381531389709531e+14,1.272039470385197812e+14,1.150662088452091870e-02,2.662398313357935975e-01,4.467103991097595099e+03,5.500870790567034375e+14,8.488499869984010729e+03,2.690796072290694840e-01
7.240743341713682861e+11,1.288241934873998750e+14,1.275841396472142500e+14,1.154752835192692645e-02,2.481187438885412433e-01,4.420599262136407560e+03,7.003629000573198750e+14,7.365228777485521277e+03,2.507019863783235825e-01
7.285537631541462402e+11,1.292126220441157812e+14,1.279666842876132656e+14,1.158868889016622175e-02,2.263973923035410563e-01,4.325245256474348935e+03,inf,5.966295651879173420e+03,2.286735430706509364e-01
7.330609037724080811e+11,1.296034535835816562e+14,1.283515955103761875e+14,1.163010406484163428e-02,2.084806967534817146e-01,4.199856455066619674e+03,inf,4.779976713221399223e+03,2.105033834265043757e-01
7.375959274620095215e+11,1.299910734013258906e+14,1.287332897719261250e+14,1.167114096657646122e-02,1.891499549824252613e-01,4.003167296734061438e+03,inf,3.516801139498706107e+03,1.908993115586535838e-01
7.421590067193808594e+11,1.303794910262002031e+14,1.291157541039286250e+14,1.171225139132729513e-02,1.693421319273641645e-01,3.706591918550794617e+03,2.002821095077831750e+15,2.307183979735058983e+03,1.708109092773180404e-01
7.467503151080878906e+11,1.307703115661954844e+14,1.295005845214734375e+14,1.175361614249108635e-02,1.543128832275699469e-01,3.392311052741389176e+03,1.010020181548330600e+16,1.491763172198093798e+03,1.555692352916043519e-01
7.513700272654339600e+11,1.311635498867573438e+14,1.298877956621629062e+14,1.179523679343820464e-02,1.417781163662368837e-01,3.044140357559733729e+03,inf,9.139924495930129069e+02,1.428565481939533810e-01
7.560183189091022949e+11,1.315592209452953281e+14,1.302774022541537188e+14,1.183711492727256009e-02,1.302747915910405230e-01,2.633536346413386582e+03,inf,4.957692391784927395e+02,1.311902826810714684e-01
7.606953668438395996e+11,1.319533944669161875e+14,1.306654956679469844e+14,1.187877154730935560e-02,1.224327696950635175e-01,2.283114718106037799e+03,inf,2.798735123949356307e+02,1.232367864582830791e-01
7.654013489681815186e+11,1.323466599840088906e+14,1.310526620189554375e+14,1.192027822405868076e-02,1.165621993377105453e-01,1.970133952931337717e+03,1.804856415751373438e+14,1.593918110394454004e+02,1.172825915336023345e-01
7.701364442812188721e+11,1.327423584073269062e+14,1.314422235441773906e+14,1.196204167860281768e-02,1.117101065171910851e-01,1.672211928148143443e+03,5.935626336153630469e+13,8.705951135571773136e+01,1.123612700991226954e-01
7.749008328894061279e+11,1.331405047878534688e+14,1.318341950611699375e+14,1.200406349947742354e-02,1.083592751423640838e-01,1.442912735094857908e+03,inf,5.155665460857831306e+01,1.089624164754602748e-01
7.796946960134124756e+11,1.335411142696835000e+14,1.322285914791578281e+14,1.204634528504550106e-02,1.060619107217462692e-01,1.269171473038176600e+03,inf,3.282390060677797550e+01,1.066316459540195688e-01
7.845182159950145264e+11,1.339419767672185625e+14,1.326232146499629688e+14,1.208860169182727866e-02,1.041091077010958960e-01,1.112334650373002887e+03,1.426803174053913125e+14,2.097720921900247504e+01,1.046505697678817570e-01
7.893715763040316162e+11,1.343402194840474219e+14,1.330152073390410000e+14,1.213046191868493405e-02,1.024443624388237106e-01,9.726221695543761143e+02,2.644389333511616406e+13,1.342960447291174120e+01,1.029614938784133432e-01
7.942549615453051758e+11,1.347409258981567344e+14,1.334096250600938281e+14,1.217258111054737163e-02,1.011997460751504624e-01,8.637146490342069001e+02,inf,9.094729437304225783e+00,1.016986573747205302e-01
7.991685574657197266e+11,1.351441112510161719e+14,1.338064828153912656e+14,1.221496086948124955e-02,1.002661535935058801e-01,7.759531598211092387e+02,1.635670330887052500e+14,6.462663310949392503e+00,1.007508704771320068e-01
8.041125509612680664e+11,1.355497908783855469e+14,1.342057957000134219e+14,1.225760280746428232e-02,9.956553231043244190e-02,7.071518849504968784e+02,inf,4.872705290190950222e+00,1.000396905630908800e-01
8.090871300841610107e+11,1.359574869134865469e+14,1.346070882761779062e+14,1.230045895655277298e-02,9.891854480417128226e-02,6.441463375425529421e+02,2.319188015106638672e+13,3.652853537223641478e+00,9.938280212352813836e-02
8.140924840499788818e+11,1.363608229988537656e+14,1.350040185542712031e+14,1.234288838945660910e-02,9.838712291300942547e-02,5.898075886789436026e+02,6.408408709242343750e+13,2.808019630463955529e+00,9.884304074302331655e-02
8.191288032448698730e+11,1.367666542912257656e+14,1.354034044103458281e+14,1.238558030871371278e-02,9.792502397770341815e-02,5.407220973560231414e+02,1.497674822534409375e+13,2.172218007290492636e+00,9.837337056205901209e-02
8.241962792327908936e+11,1.371749962270046250e+14,1.358052610356420469e+14,1.242853633817529030e-02,9.754643017876828137e-02,4.992304600934164114e+02,4.005335331619764062e+13,1.738737475469148475e+00,9.798891931316912329e-02
8.292951047627941895e+11,1.375858643380885312e+14,1.362096037153795156e+14,1.247175811173836801e-02,9.724660012134589415e-02,4.654172108186055539e+02,inf,1.422026970907847687e+00,9.768382166877807860e-02
8.344254737763590088e+11,1.379992742524625781e+14,1.366164478293387500e+14,1.251524727340795617e-02,9.696541917242877673e-02,4.318803289355797688e+02,3.557749069930229688e+13,1.163025725257670784e+00,9.739800078221645674e-02
8.395875814147681885e+11,1.384090333919157031e+14,1.370196343308956406e+14,1.255854752099589029e-02,9.675281853432210477e-02,4.051763980570332819e+02,inf,9.813529637225083535e-01,9.718156694720182787e-02
8.447816240265308838e+11,1.388200492789376875e+14,1.374240438739749531e+14,1.260202135591239302e-02,9.654985750531400179e-02,3.788148123357413510e+02,inf,8.234888826824421360e-01,9.697469450575886551e-02
8.500077991748507080e+11,1.392336078834540312e+14,1.378309552649208281e+14,1.264576413829316369e-02,9.642524661074293457e-02,3.596394342849523014e+02,inf,7.225283193962652728e-01,9.684784304286760126e-02
8.552663056451408691e+11,1.396497249357867500e+14,1.382403839812185469e+14,1.268977753196056345e-02,9.629821866289517418e-02,3.387026874629077042e+02,1.524359827470672188e+14,6.251796856330552599e-01,9.671807506500984530e-02
8.605573434525845947e+11,1.400684162635722500e+14,1.386523455961036250e+14,1.273406321103005487e-02,9.618625885254379615e-02,3.197455676389042196e+02,1.150012536596487031e+14,5.415078313643897356e-01,9.660381072835047545e-02
8.658811138497432861e+11,1.404851962516657344e+14,1.390623789182616719e+14,1.277837562439148103e-02,9.609966687701274046e-02,3.030412223033480359e+02,1.286676289258601953e+13,4.797019461344272928e-01,9.651515329875999527e-02
8.712378193342117920e+11,1.409014468530296875e+14,1.394718581543588906e+14,1.282279148708031710e-02,9.602078141020541080e-02,2.880450500170750274e+02,4.489927776783272461e+12,4.269825213580493717e-01,9.643426218592261734e-02
8.766276636563200684e+11,1.413202725560370000e+14,1.398838706015802188e+14,1.286748212501422593e-02,9.597302026530821206e-02,2.742161444370951244e+02,4.421748765112708984e+12,3.841064781436430153e-01,9.638509635803442499e-02
8.820508518268840332e+11,1.417416892913516875e+14,1.402984319314373125e+14,1.291244923806867534e-02,9.593959293069050098e-02,2.616798490102937649e+02,1.670549042301174414e+13,3.475080735150421485e-01,9.635037500357965246e-02
8.875075901250024414e+11,1.421657130881915938e+14,1.407155579123923125e+14,1.295769453663527838e-02,9.591394172804562634e-02,2.497703417582639815e+02,2.847017997318644531e+12,3.159094521341504480e-01,9.632343703313830940e-02
8.929980861059034424e+11,1.425896066047013125e+14,1.411325263025976875e+14,1.300323618940811381e-02,9.590473741409021036e-02,2.388951446249203343e+02,1.099815548155651367e+13,2.886096444327911348e-01,9.631332269660468348e-02
8.985225486088394775e+11,1.430111032694805000e+14,1.415470830030351875e+14,1.304908956419939883e-02,9.591408079887119020e-02,2.294060785561022442e+02,2.985306234702388184e+12,2.665279767019189117e-01,9.632192421910051872e-02
9.040811877650306396e+11,1.434352074902622500e+14,1.419642043259310312e+14,1.309522660729144430e-02,9.591695958630880314e-02,2.199813223560265385e+02,1.379414438994292725e+12,2.460781020184078793e-01,9.632401034054845212e-02
9.096742150056573486e+11,1.438619353984869062e+14,1.423839061371206250e+14,1.314164907357590582e-02,9.592783990254061255e-02,2.114151544713893713e+02,1.348759292617832275e+12,2.294144039050834138e-01,9.633431456058454134e-02
9.153018430699023438e+11,1.442913032253906875e+14,1.428062044005920312e+14,1.318835872880094046e-02,9.596582482778812095e-02,2.034906257042606796e+02,1.385474346693151611e+12,2.145873983512114891e-01,9.637194563371638545e-02
9.209642860130423584e+11,1.447223823101760000e+14,1.432301757074890312e+14,1.323539845350756375e-02,9.599684643022472763e-02,1.966070423339232889e+02,1.151664851082527100e+12,2.022781739961620473e-01,9.640267505551496086e-02
9.266617592145906982e+11,1.451490143195009062e+14,1.436496975281746250e+14,1.328303861610340489e-02,9.604995113186391709e-02,1.894116704007885517e+02,7.433777453193417969e+11,1.899751403245881209e-01,9.645564465095195217e-02
9.323944793864888916e+11,1.455782856542339688e+14,1.440718146876449062e+14,1.333097350082238300e-02,9.609844636085204672e-02,1.831255544952238381e+02,7.295298774364555664e+11,1.803923066935433639e-01,9.650409177540945904e-02
9.381626645813498535e+11,1.460102126423544062e+14,1.444965432417594062e+14,1.337920493093975802e-02,9.615882379092187404e-02,1.768289785034891679e+02,5.845225999142235107e+11,1.707927327479803192e-01,9.656446217960075462e-02
9.439665342007519531e+11,1.464448117128533438e+14,1.449238993457059062e+14,1.342773474101034183e-02,9.622254977808722409e-02,1.710518383360065968e+02,4.589777633861409912e+11,1.625659409899225250e-01,9.662833271915019506e-02
9.498063090035841064e+11,1.468820993963584062e+14,1.453538992546150312e+14,1.347656477693827057e-02,9.628435826768580452e-02,1.655416340902748686e+02,3.299899101594590454e+11,1.549616087584320401e-01,9.669030845440357291e-02
9.556822111144427490e+11,1.473147635044601875e+14,1.457792750498838750e+14,1.352625970014079831e-02,9.635316821132991483e-02,1.604989311492952027e+02,3.040288927606253662e+11,1.481295635037449265e-01,9.675913337683687832e-02
9.615944640320806885e+11,1.477491037426035000e+14,1.462062879680663125e+14,1.357633888969778796e-02,9.643950674335657891e-02,1.559093461019346307e+02,2.646344045827009277e+11,1.425794927608161067e-01,9.684594413169198002e-02
9.675432926379083252e+11,1.481861309925069375e+14,1.466359425681196250e+14,1.362672789022659377e-02,9.653080697758747997e-02,1.510736137362260365e+02,2.119250145742564697e+11,1.369502609733308507e-01,9.693761592215088818e-02
9.795515834044362793e+11,1.490683131223796250e+14,1.475032422851701250e+14,1.372844300254162306e-02,9.670916837927738541e-02,1.427839952650564328e+02,1.654175897795519409e+11,1.277600333780847808e-01,9.711696717617510077e-02
9.917089104448248291e+11,1.499471013275301875e+14,1.483670558849584688e+14,1.383321567816535487e-02,9.690392063922098620e-02,1.349033467303132738e+02,1.132308124096162872e+11,1.195610555472245429e-01,9.731303635033844435e-02
1.004017123465360718e+12,1.508336587328870938e+14,1.492384730713809375e+14,1.393968139892496315e-02,9.712954979973648095e-02,1.281816987457825405e+02,9.733165484779739380e+10,1.130067902004401187e-01,9.753996080451851625e-02
1.016478095129247925e+12,1.517275231750488750e+14,1.501170347052384375e+14,1.404798769118355620e-02,9.736388521697215970e-02,1.220058011514975220e+02,7.612348576533462524e+10,1.076198388594408611e-01,9.777614272113968608e-02
1.022766457007026245e+12,1.521713167176296875e+14,1.505531557053855312e+14,1.410366798023978893e-02,9.748320532028087460e-02,1.190862234097137389e+02,5.517772677054972076e+10,1.050974908817971509e-01,9.789637599584596894e-02
1.029093721341527832e+12,1.526178557540958750e+14,1.509919747338369375e+14,1.415969273102984580e-02,9.760302540882159761e-02,1.162792981148157168e+02,8.339741375712660217e+10,1.026634581644328553e-01,9.801708913719170413e-02
1.035460128799744995e+12,1.530671572692296250e+14,1.514335084817328750e+14,1.421606407453918607e-02,9.773319887308107301e-02,1.135781702211876905e+02,6.640018544257967377e+10,1.005389159732926890e-01,9.814832666169105713e-02
1.041865921537537231e+12,1.535192383528881875e+14,1.518777737434718750e+14,1.427278415493643537e-02,9.786278789863392391e-02,1.109755571470718394e+02,5.018948183765326691e+10,9.845025007647903448e-02,9.827888262567378852e-02
1.054796638974944458e+12,1.544206198223252500e+14,1.527634594099175000e+14,1.438932302310343136e-02,9.812643015566745175e-02,1.059298251404471074e+02,3.030721448604473114e+10,9.468806766824577892e-02,9.854489580653170988e-02
1.067887841029411865e+12,1.553251707885836250e+14,1.536521779566237500e+14,1.450877291628981970e-02,9.840329154326528383e-02,1.015459289058352681e+02,2.239947964328474045e+10,9.163409489530283114e-02,9.882418771912777899e-02
1.094559690881847412e+12,1.571484717610552500e+14,1.554433745676900625e+14,1.475595865062143824e-02,9.899297538324165757e-02,9.385557285531095317e+01,1.437901344010409546e+10,8.646890815420457677e-02,9.941923452665218930e-02
1.121897703927849365e+12,1.589886609289750625e+14,1.572508832423828750e+14,1.501500309530394775e-02,9.963194511547000809e-02,8.689780739226280559e+01,1.030359917828176308e+10,8.241930456663715265e-02,1.000641980659850022e-01
1.149918518435963623e+12,1.608392635809541250e+14,1.590682805044504688e+14,1.528795286902668096e-02,1.003185559949386491e-01,8.089958722758953513e+01,7.818333940634509087e+09,7.922858926827322512e-02,1.007575666529835351e-01
1.178639188236542969e+12,1.626969506485472500e+14,1.608922736030592812e+14,1.557604310990797283e-02,1.010122680867771711e-01,7.566036148956661123e+01,5.032359244221192360e+09,7.659632239252560371e-02,1.014585825672270486e-01
1.208077193100927979e+12,1.645686194908510625e+14,1.627297000604981250e+14,1.587789476349306395e-02,1.017537535007885102e-01,7.103368179458844622e+01,3.500524890694183826e+09,7.452240381621644261e-02,1.022079068270485003e-01
1.238250449379863770e+12,1.664536752380383750e+14,1.645799677613709062e+14,1.619436390624974520e-02,1.025259230995209658e-01,6.691176124335621012e+01,2.884658572424332619e+09,7.278516416803494649e-02,1.029882122261105426e-01
1.269177320907620850e+12,1.683481884669865625e+14,1.664391836470065312e+14,1.652751820914851594e-02,1.033347144318070288e-01,6.322862837551614490e+01,2.174563735687338352e+09,7.140114178184998883e-02,1.038058524542647826e-01
1.300876630178464355e+12,1.702411688150179375e+14,1.682964750272868125e+14,1.687955041006224469e-02,1.041706224539543785e-01,5.994988215919459407e+01,1.563699128391240835e+09,7.028765260374085500e-02,1.046511638335830274e-01
1.333367669802265869e+12,1.721442595184405000e+14,1.701633704973540312e+14,1.724855709195789386e-02,1.050309374208464180e-01,5.689210203793385290e+01,1.096399384976855993e+09,6.928115712794963299e-02,1.055214303983576102e-01
1.366670214246236572e+12,1.740566905674240312e+14,1.720391070990653438e+14,1.763570272845081319e-02,1.059317295994356006e-01,5.420825016260523910e+01,9.842576492082282305e+08,6.859200825378995725e-02,1.064327245325285970e-01
1.400804531869923828e+12,1.759776246440491250e+14,1.739228557994921250e+14,1.804227454450993418e-02,1.068525539282940140e-01,5.169000022604515010e+01,7.576058400961658955e+08,6.791067611492038192e-02,1.073646236782256763e-01
1.435791397260796631e+12,1.778881227693731250e+14,1.757958964408269062e+14,1.847299029191250969e-02,1.078124880934300117e-01,4.938532279048133233e+01,5.798552291624823809e+08,6.740640130606959102e-02,1.083362020997990643e-01
1.508408477011474121e+12,1.817245841439395000e+14,1.795561204819033438e+14,1.939855750818992100e-02,1.097968520175099660e-01,4.539761098691699459e+01,4.172650170878090262e+08,6.674266473829877644e-02,1.103453217876684128e-01
1.584698263174501221e+12,1.855624030903156875e+14,1.833161781093227500e+14,2.041768253895253488e-02,1.119153138065057534e-01,4.196807956907986181e+01,3.088375017937107682e+08,6.640404938169364168e-02,1.124910981879646138e-01
1.664846507813134033e+12,1.893823478170093125e+14,1.870571123790797500e+14,2.153857972687804601e-02,1.141595202756376937e-01,3.903788360368156418e+01,2.428497635946274102e+08,6.640939188394409665e-02,1.147654605880035067e-01
1.749048357650895508e+12,1.931925291424770938e+14,1.907869508180917500e+14,2.275597817797454445e-02,1.165215647652217412e-01,3.642660723189425198e+01,1.879257744624104500e+08,6.647522114538827187e-02,1.171603490511945594e-01
1.837508829219145508e+12,1.969675757976219688e+14,1.944806706699890938e+14,2.406235577717166438e-02,1.190364175679385211e-01,3.419914072718985665e+01,1.548412370879499018e+08,6.698468631952611552e-02,1.197111007253377768e-01
1.930443308035878418e+12,2.007322495047985938e+14,1.981626740021202500e+14,2.543699706155011855e-02,1.216948900868919520e-01,3.218570386219125368e+01,1.247033790325983614e+08,6.756981336954871742e-02,1.224086060068100695e-01
2.028078073031160645e+12,2.044594578248495312e+14,2.018061869967744688e+14,2.684906827736818768e-02,1.244958017092929886e-01,3.043868040587921442e+01,1.030318177300415635e+08,6.839963301458616696e-02,1.252522596958199619e-01
2.130650847496083008e+12,2.081908091487155312e+14,2.054521430103090000e+14,2.827200114430264768e-02,1.274633404159940253e-01,2.883883024383997906e+01,8.659523954720622301e+07,6.931993444027774454e-02,1.282665603125466569e-01
2.238411377896706055e+12,2.119013623053825625e+14,2.090757785653920312e+14,2.965100767661683900e-02,1.305951053471298418e-01,2.740528514780466551e+01,7.277426355691887438e+07,7.040663605831787297e-02,1.314492289914587775e-01
2.351622041962293457e+12,2.156415938561701250e+14,2.127266933427298438e+14,3.097494916183621619e-02,1.339060661366040794e-01,2.613496837066655232e+01,6.156376428145878762e+07,7.174534560610737466e-02,1.348160238321146343e-01
2.470558487528423828e+12,2.193986711781955312e+14,2.163919273003380000e+14,3.219374717538393132e-02,1.373866276883562998e-01,2.496989559101933409e+01,5.228479321622617543e+07,7.316388833295724148e-02,1.383573585019640395e-01
2.595510303690460449e+12,2.232152431194255938e+14,2.201133118221374688e+14,3.331951580857107215e-02,1.410706182530526154e-01,2.391904770650418044e+01,4.419314014045900851e+07,7.477760421952206471e-02,1.421076649458797581e-01
2.726781725901496582e+12,2.270902762893134688e+14,2.238894183309631250e+14,3.432711879544282640e-02,1.449261771638689356e-01,2.296980757485713553e+01,3.773684291885337234e+07,7.656258739439746053e-02,1.460351934312335842e-01
2.864692376731585449e+12,2.310550962176746562e+14,2.277508763661052188e+14,3.524322625133576720e-02,1.489965940082547124e-01,2.211187554206139438e+01,3.209109433447020501e+07,7.859394867219335334e-02,1.501842033498574369e-01
3.161791498818398926e+12,2.392897063836093750e+14,2.357633087782259375e+14,3.683856914480597433e-02,1.577165055229337864e-01,2.060724155749921493e+01,2.337242735518604517e+07,8.307010392589345149e-02,1.590816828068112587e-01
3.489702965386494629e+12,2.480166490650989688e+14,2.442438583765884062e+14,3.826866226853969238e-02,1.672414203546814804e-01,1.935595113802848033e+01,1.705145402072896436e+07,8.827025772741209364e-02,1.688146346752768812e-01
3.851622344856823730e+12,2.572999233148350312e+14,2.532526818440121875e+14,3.969235134528697334e-02,1.775713555073079319e-01,1.830895591505663944e+01,1.248635929183604196e+07,9.419632508887591793e-02,1.793866500267643216e-01
4.251076620143617188e+12,2.671703097690150625e+14,2.628173279840836250e+14,4.127371860632219475e-02,1.887277849603563595e-01,1.742462573417268246e+01,9.130870736596131697e+06,1.008428986530420512e-01,1.908235363703038867e-01
4.691958559868479492e+12,2.776111961364381562e+14,2.729191856583995000e+14,4.327362039822353623e-02,2.006504838016187620e-01,1.668633541698162404e+01,6.722384807093373500e+06,1.082905957020278698e-01,2.030677805987090578e-01
5.178564654235606445e+12,2.885214671530788125e+14,2.834579130713451250e+14,4.612856869324497011e-02,2.133672118876934476e-01,1.605582229008467365e+01,4.963261122586121783e+06,1.164404186058553142e-01,2.161525382455921906e-01
5.715636985261463867e+12,2.996904413096793750e+14,2.942278212324412500e+14,5.035187404786119897e-02,2.269244459244488810e-01,1.551025586879005758e+01,3.662389379905267153e+06,1.253025018662301537e-01,2.301294467725386594e-01
6.308409439393368164e+12,3.108550094721856250e+14,3.049736599287582500e+14,5.615012222865641001e-02,2.414062100603398542e-01,1.504814222200463014e+01,2.714705106708533596e+06,1.351881242603011068e-01,2.450915996478952585e-01
6.962658712869041016e+12,3.218580895736993750e+14,3.155433094301252500e+14,6.283029390245510604e-02,2.569424927689873406e-01,1.464119709566114835e+01,2.008741791195725789e+06,1.459891068795384217e-01,2.611798943230475567e-01
7.684760606875414062e+12,3.328205100129135000e+14,3.260518613784012500e+14,6.840992127508020715e-02,2.736829682218508419e-01,1.428472408262095961e+01,1.484010805224937620e+06,1.579550129290973048e-01,2.785570996731129845e-01
8.481752161115144531e+12,3.442352789370550625e+14,3.369695502007711875e+14,7.018922197236802940e-02,2.916641326947840840e-01,1.397048223772427455e+01,1.092548550701062661e+06,1.710950500188421763e-01,2.972709707253470279e-01
9.361400231286050781e+12,3.570235728188085000e+14,3.491717350279770625e+14,6.629385812354220142e-02,3.109073744789867533e-01,1.370156665897218673e+01,8.067043395097991452e+05,1.856860124128095202e-01,3.173541478782757053e-01
1.033227717877584375e+13,3.722517968461990000e+14,3.636654594465969375e+14,6.199765890141293451e-02,3.311628288725790292e-01,1.346909179583417782e+01,5.973570483196941204e+05,2.014223405781278287e-01,3.385555801729944747e-01
1.140384441018458594e+13,3.918453609028271250e+14,3.822633294026432500e+14,5.328539979560651535e-02,3.518437154128485345e-01,1.326939035618263851e+01,4.472378077265202883e+05,2.177120191679546846e-01,3.602690490835028236e-01
1.258654458078580469e+13,4.045862465221942500e+14,3.943288209794849375e+14,4.036383996065705526e-01,3.729744099367264254e-01,1.309526967208647008e+01,3.372927959342238610e+05,2.345471504537573748e-01,3.825236090676735756e-01
1.389190336046896875e+13,4.067522081806680000e+14,3.963732714795243750e+14,6.961226739889029291e-01,3.972090604716022599e-01,1.293155225837727862e+01,2.490971954587340588e+05,2.544038788691652120e-01,4.081346463328012208e-01
1.533264175389434570e+13,4.086711770560426250e+14,3.981785465144554375e+14,8.692555066747322812e-01,4.258898547644999755e-01,1.278441985052004348e+01,1.788348934049626696e+05,2.791393789033325690e-01,4.385627463642802759e-01
1.692280006944476758e+13,4.103648646437652500e+14,3.997661291381674375e+14,9.684628216612037876e-01,4.594173723847170820e-01,1.266213958420405206e+01,1.257482617080428172e+05,3.098143541980504789e-01,4.742955351118295915e-01
1.867787474507853516e+13,4.121722039478847500e+14,4.014535618748581250e+14,9.306250368804297457e-01,4.981308133601182742e-01,1.256953154808483220e+01,8.687431707400370215e+04,3.475321021645308983e-01,5.157711764113690478e-01
2.061496936448110156e+13,4.152581233785787500e+14,4.043213276661930625e+14,4.496120268977507051e-01,5.421977928184780193e-01,1.250940674006728948e+01,5.933712944160684856e+04,3.933654019002792990e-01,5.632635937275055626e-01
2.275296133520074219e+13,4.193420187662880000e+14,4.081017315625655000e+14,8.083375272686912361e-01,5.912285293304745393e-01,1.248101187686394553e+01,4.040594071162564796e+04,4.477922177210902910e-01,6.164529154195270699e-01
2.511268585308280469e+13,4.221178858637503125e+14,4.106570937055770000e+14,7.249816196810372482e-01,6.458580034428160754e-01,1.248222314698101165e+01,2.735511637706914917e+04,5.125460506584390563e-01,6.761452524847454404e-01
2.771713894577587891e+13,4.297689992036684375e+14,4.176567611637425000e+14,2.149745148776244508e-01,7.056954233267312970e-01,1.251161005619363742e+01,1.855095520715889143e+04,5.885472524944693751e-01,7.420463116544031568e-01
3.059170157401294922e+13,4.468761495860555625e+14,4.332264896959043750e+14,2.097594319646529371e-01,7.669927088433490248e-01,1.255643376947061185e+01,1.284536055565864444e+04,6.705823474373113768e-01,8.101153579766308122e-01
3.376438697458321484e+13,4.579778536555808125e+14,4.432704411401252500e+14,3.327220642576034781e-01,8.293725380357881427e-01,1.261136720332166128e+01,9.064729345977431876e+03,7.584998783934316924e-01,8.799739009861206052e-01
3.726611365540520312e+13,4.721799980487880625e+14,4.560216125034668125e+14,1.930923539276123702e-01,8.945314489589230034e-01,1.267247495308974159e+01,6.427518835170541024e+03,8.542187847183592142e-01,9.535829529319925779e-01
4.113100670309794531e+13,4.911714214172550625e+14,4.729632748187843750e+14,2.888498971949844396e-01,9.594790169248779144e-01,1.273526087484652969e+01,4.650128799954083661e+03,9.537033264525278664e-01,1.027609077362072743e+00
4.539673033935777344e+13,5.024906692671737500e+14,4.829848134546420625e+14,4.697043562078276335e-01,1.026360879222401712e+00,1.279849922322467570e+01,3.378880447185146750e+03,1.059558023201661703e+00,1.104539032896804995e+00
5.010485496697419531e+13,5.103607076400757500e+14,4.898964225995564375e+14,8.123388209621413836e-01,1.097204046963135893e+00,1.286581772699195092e+01,2.453854781828803880e+03,1.176274045156860293e+00,1.186818377378061617e+00
5.530126228242884375e+13,5.160463915571564375e+14,4.948440505226586250e+14,9.548393208137099242e-01,1.173643351193269346e+00,1.294016824308171465e+01,1.770731473572978985e+03,1.308019527963894202e+00,1.276521763736918835e+00
6.103659240298721094e+13,5.219564139029280625e+14,4.999374811977169375e+14,9.838987439145643332e-01,1.255686021072771608e+00,1.302163875238534807e+01,1.269252490391662377e+03,1.456428723050314122e+00,1.373883066580700696e+00
6.736673736563346875e+13,5.283676835759211250e+14,5.054059440616962500e+14,9.822250381032980870e-01,1.343105157013666728e+00,1.311053708847675026e+01,9.091846940553646164e+02,1.622990688114875901e+00,1.478900502845565956e+00
7.435338580710345312e+13,5.357291315431164375e+14,5.116146097062508125e+14,8.723267295115060271e-01,1.435213976065326191e+00,1.320494272336457087e+01,6.506384910006595419e+02,1.807859708217791184e+00,1.590988209019640109e+00
8.206462413304059375e+13,5.459412342111006875e+14,5.201235365811744375e+14,7.583124072556515216e-01,1.530717627763517497e+00,1.330252622173905230e+01,4.686910690600261660e+02,2.009669131474410175e+00,1.708821206153205097e+00
9.057560003479801562e+13,5.557892249203185000e+14,5.282268052765979375e+14,9.055785119592745236e-01,1.628190198820734125e+00,1.339932917195616646e+01,3.396269580123738479e+02,2.225602693416134148e+00,1.830825695159674193e+00
9.996925482000298438e+13,5.721634542041327500e+14,5.414866055331736875e+14,3.543949849535935059e-01,1.726952060863412575e+00,1.349408565921578251e+01,2.479985578215000430e+02,2.454761663181115328e+00,1.956302184434252300e+00
1.024661134337771562e+14,5.870088637646487500e+14,5.534253352130916875e+14,1.665897161594178943e-01,1.750749167865465417e+00,1.351604294601819767e+01,2.301729714971193914e+02,2.511374696019107677e+00,1.986819196628642814e+00
1.050253342502945938e+14,6.291158290332635000e+14,5.871329164740676250e+14,7.865825298492656881e-02,1.771569297846842472e+00,1.353378527443415180e+01,2.158613383520214484e+02,2.560669528538431106e+00,2.013607252767643629e+00
1.076484748444654375e+14,7.060975882443473750e+14,6.485346096078607500e+14,3.702276018740390667e-02,1.786996323353869487e+00,1.354339838326162138e+01,2.047527183073310084e+02,2.595734889530806999e+00,2.033535138830347311e+00
1.103371316936037656e+14,8.133279883802885000e+14,7.338593194850810000e+14,2.567597651399107159e-02,1.797208114398261225e+00,1.354789715702253794e+01,1.977273031638947032e+02,2.618117234172115726e+00,2.046745390441829571e+00
1.159175804321471250e+14,1.016706640890078875e+15,8.950361822094560000e+14,7.683772269043318004e-02,1.803551419234224795e+00,1.353657514521772320e+01,1.913586434746520695e+02,2.624785670891078837e+00,2.054963193096465801e+00
1.217802678662729375e+14,1.081542149193972125e+15,9.462098569497442500e+14,4.249713325282188370e-01,1.803134042334631593e+00,1.351346767364008450e+01,1.882230720132365320e+02,2.612059555137442146e+00,2.054421244397865998e+00
1.344101791839574219e+14,1.100056112811440375e+15,9.607059641329875000e+14,8.953166021669521912e-01,1.797734780950178246e+00,1.343994963257711994e+01,1.813233309409906440e+02,2.564363897790721936e+00,2.047408938182412985e+00
1.483499468740037812e+14,1.117533461970919375e+15,9.742263681089127500e+14,6.795978593620247699e-01,1.793685920963295821e+00,1.334707498799356529e+01,1.707523534862125985e+02,2.511469229752525401e+00,2.042140814920985203e+00
1.637354169984358125e+14,1.142818467249920500e+15,9.935682325321618750e+14,6.708601991064324643e-01,1.792540011268038080e+00,1.323849955571569836e+01,1.575127665094709073e+02,2.457241802153439458e+00,2.040651179299288742e+00
1.807165243033168125e+14,1.163331664038030750e+15,1.009075265229456875e+15,9.545451199114096674e-01,1.794525016160162467e+00,1.311998045969784776e+01,1.422746434090902881e+02,2.406666674135956807e+00,2.043234775577686513e+00
1.994587533653965312e+14,1.183162134930157500e+15,1.023858693942618875e+15,8.531398119674517000e-01,1.800494301223151572e+00,1.299254207686243845e+01,1.258706797178865315e+02,2.361542774566905312e+00,2.051055525319454897e+00
2.201447512752319062e+14,1.220130682649178250e+15,1.051000378563359625e+15,4.308417416741638917e-01,1.810434561010372034e+00,1.286111788281451318e+01,1.093362304867481356e+02,2.323956161525749575e+00,2.064154839108401251e+00
2.429761075727320625e+14,1.265095718930706000e+15,1.083592144093699875e+15,7.748971416192113049e-01,1.822663248068145059e+00,1.272869925746783082e+01,9.410435328842166314e+01,2.291906192938517606e+00,2.080360782790747542e+00
2.681753187809845000e+14,1.292714438191798000e+15,1.103280579929735875e+15,9.579991627618554828e-01,1.837437130489057546e+00,1.259318988104017301e+01,7.984891750277472511e+01,2.264967390013184811e+00,2.100039168045918725e+00
2.959879566831683125e+14,1.324009590202988250e+15,1.125198964795032000e+15,7.685986225037855224e-01,1.855530584530379556e+00,1.245640425615037827e+01,6.689933005614329886e+01,2.245205963642875169e+00,2.124375364545847411e+00
3.266850614728875000e+14,1.372277364699770750e+15,1.158398873439532500e+15,5.798362884003251949e-01,1.876048679768004046e+00,1.232109103763823477e+01,5.565672993580592021e+01,2.232164911148514008e+00,2.152131536730282235e+00
3.605657830996926875e+14,1.437636706915545500e+15,1.202511290386537000e+15,4.758741002646644236e-01,1.897182165866293513e+00,1.218991779052879210e+01,4.624630425739077566e+01,2.223483806821644926e+00,2.181016644711871066e+00
3.979602965502735000e+14,1.509385623233251500e+15,1.250032077736748250e+15,5.934878144495935315e-01,1.917445660289707199e+00,1.206095691798617686e+01,3.864602440770680403e+01,2.214285721539915208e+00,2.208989339735348167e+00
4.392330194753753750e+14,1.574739124057683750e+15,1.292424441459268000e+15,7.279036607903099920e-01,1.936446673422712816e+00,1.193307449799114472e+01,3.235828854103770169e+01,2.204765777448602471e+00,2.235438345698040230e+00
4.847861635189116875e+14,1.626963475699611750e+15,1.325587319056537000e+15,9.658990897922863361e-01,1.955221157517989194e+00,1.180403131630646918e+01,2.715732961442513016e+01,2.195066531017360933e+00,2.261828324947254387e+00
5.350636539577388125e+14,1.679452798757150250e+15,1.358145921828736500e+15,8.704742778358092181e-01,1.974060694883347900e+00,1.167447306060116219e+01,2.266688095299394590e+01,2.186612510509839513e+00,2.288580837611139618e+00
5.905554558498418750e+14,1.824529319351186750e+15,1.445707944657019750e+15,2.052086904581065241e-01,1.992100370560227152e+00,1.154893784797333112e+01,1.904486021541552887e+01,2.179452342051179325e+00,2.314424776445826559e+00
6.518023488501808750e+14,2.241774645941844750e+15,1.692660030941467250e+15,2.413275828334469075e-01,2.000692762768297328e+00,1.144223142546196748e+01,1.682086250659768467e+01,2.160079249963300807e+00,2.326865619413721387e+00
7.194011972258143750e+14,2.413280689586056000e+15,1.792070540380883750e+15,5.892703325633154021e-01,2.000160754465168278e+00,1.133876793208635725e+01,1.535453677060847610e+01,2.124654211410327509e+00,2.326077875217787749e+00
7.940107664277428750e+14,2.559594091880143000e+15,1.874702134048462500e+15,4.059904713459300263e-01,1.995737713728549245e+00,1.122461133625028928e+01,1.403198648162712558e+01,2.078987169676388636e+00,2.319614117580962365e+00
8.763581429032253750e+14,2.755751504147933500e+15,1.983169847964992250e+15,5.964314338188774212e-01,1.988562396721243353e+00,1.110617469840679661e+01,1.295903860219919679e+01,2.027853866478006584e+00,2.309099766769868278e+00
9.672458197110358750e+14,2.884651737786340500e+15,2.052713162465251500e+15,6.737622264139868644e-01,1.978639721225956993e+00,1.098133460580403131e+01,1.195042139713828178e+01,1.970918206394759009e+00,2.294449887481470718e+00
1.067559516990516875e+15,3.167723188213527500e+15,2.201122946074112250e+15,2.160267121667939771e-01,1.967355430876962519e+00,1.085301934260361989e+01,1.105300412905432417e+01,1.911964083295168759e+00,2.277791027816576275e+00
1.121552774459391000e+15,3.662927741215184500e+15,2.456772124239607000e+15,7.848633271263855127e-02,1.961249046694823805e+00,1.079654934103301755e+01,1.071534003815422587e+01,1.884417533010633417e+00,2.268721762114881191e+00
1.178276813496601750e+15,4.797054574483207000e+15,3.035241657403810000e+15,4.832892255406789905e-02,1.955219564833071022e+00,1.075774062037841183e+01,1.057746019494243583e+01,1.862257705253659301e+00,2.259775859789351138e+00
1.237869747050386750e+15,6.021150625057439000e+15,3.654540341530339500e+15,6.879082817918916182e-02,1.948909451739001097e+00,1.073379697048948245e+01,1.059048885682314456e+01,1.843816533134132296e+00,2.250418480688011869e+00
1.300476673316976750e+15,6.715616879917027000e+15,4.002747137448051500e+15,1.126045864687410525e-01,1.942261173186954792e+00,1.071692905684725972e+01,1.064150930263386030e+01,1.827121082166385913e+00,2.240554459757674977e+00
1.435349960611327000e+15,8.787200816148402000e+15,5.026238418803223000e+15,3.856494052380894655e-02,1.927260132436654061e+00,1.068633066222678885e+01,1.096354844263420958e+01,1.790849830560033773e+00,2.218394274117331477e+00
1.584211044841078500e+15,2.718833176358800800e+16,1.399999999999992400e+16,5.135882335079932151e-03,1.922053269847741941e+00,1.068390000307443444e+01,1.116187748083658882e+01,1.780640119449473202e+00,2.210697871072816678e+00
